event,backend,optimization_mode,repeat_index,completed_samples,total_samples,percent_complete,elapsed_seconds,eta_remaining_seconds,run_id
samples_progress,llama_cpp,baseline,1,1,300,0.33,1.5198332080617547,454.43012921046466,20260429T230230Z_black_box_vllm_sglang
samples_progress,sglang,kv_cache_quant,1,1,300,0.33,3.4539042918477207,1032.7173832624685,20260429T230230Z_black_box_vllm_sglang
samples_progress,vllm,kv_cache_quant,1,1,300,0.33,3.4980756668373942,1045.9246243843809,20260429T230230Z_black_box_vllm_sglang
samples_progress,sglang,baseline,1,1,300,0.33,3.701051666866988,1106.6144483932294,20260429T230230Z_black_box_vllm_sglang
samples_progress,vllm,spec_decode,1,1,300,0.33,4.010356042068452,1199.096456578467,20260429T230230Z_black_box_vllm_sglang
samples_progress,sglang,spec_decode,1,1,300,0.33,5.5904467911459506,1671.5435905526392,20260429T230230Z_black_box_vllm_sglang
samples_progress,vllm,baseline,1,1,300,0.33,6.307445958955213,1885.9263417276088,20260429T230230Z_black_box_vllm_sglang
samples_progress,llama_cpp,baseline,1,30,300,10.0,93.03624083311297,837.3261674980167,20260429T230230Z_black_box_vllm_sglang
samples_progress,vllm,spec_decode,1,30,300,10.0,112.15703204204328,1009.4132883783896,20260429T230230Z_black_box_vllm_sglang
samples_progress,sglang,spec_decode,1,30,300,10.0,125.84514800016768,1132.6063320015091,20260429T230230Z_black_box_vllm_sglang
samples_progress,vllm,kv_cache_quant,1,30,300,10.0,139.93108570785262,1259.3797713706736,20260429T230230Z_black_box_vllm_sglang
samples_progress,vllm,baseline,1,30,300,10.0,144.31662220903672,1298.8495998813305,20260429T230230Z_black_box_vllm_sglang
samples_progress,llama_cpp,baseline,1,60,300,20.0,152.736174083082,610.944696332328,20260429T230230Z_black_box_vllm_sglang
samples_progress,sglang,baseline,1,30,300,10.0,157.33697349997237,1416.0327614997514,20260429T230230Z_black_box_vllm_sglang
samples_progress,sglang,kv_cache_quant,1,30,300,10.0,174.90372899989597,1574.1335609990638,20260429T230230Z_black_box_vllm_sglang
samples_progress,llama_cpp,baseline,1,90,300,30.0,220.76703854091465,515.1230899288009,20260429T230230Z_black_box_vllm_sglang
samples_progress,vllm,spec_decode,1,60,300,20.0,223.73058525007218,894.9223410002887,20260429T230230Z_black_box_vllm_sglang
samples_progress,sglang,spec_decode,1,60,300,20.0,229.3115800411906,917.2463201647624,20260429T230230Z_black_box_vllm_sglang
samples_progress,vllm,kv_cache_quant,1,60,300,20.0,290.649771124823,1162.599084499292,20260429T230230Z_black_box_vllm_sglang
samples_progress,llama_cpp,baseline,1,120,300,40.0,297.4937826660462,446.24067399906926,20260429T230230Z_black_box_vllm_sglang
samples_progress,vllm,baseline,1,60,300,20.0,300.8150454170536,1203.2601816682145,20260429T230230Z_black_box_vllm_sglang
samples_progress,sglang,baseline,1,60,300,20.0,314.95073812501505,1259.8029525000602,20260429T230230Z_black_box_vllm_sglang
samples_progress,vllm,spec_decode,1,90,300,30.0,326.00592866702937,760.6805002230685,20260429T230230Z_black_box_vllm_sglang
samples_progress,sglang,spec_decode,1,90,300,30.0,329.3069061660208,768.3827810540485,20260429T230230Z_black_box_vllm_sglang
samples_progress,sglang,kv_cache_quant,1,60,300,20.0,329.8955013328232,1319.5820053312927,20260429T230230Z_black_box_vllm_sglang
samples_progress,llama_cpp,baseline,1,150,300,50.0,361.833460041089,361.833460041089,20260429T230230Z_black_box_vllm_sglang
samples_progress,llama_cpp,baseline,1,180,300,60.0,434.0655450830236,289.37703005534905,20260429T230230Z_black_box_vllm_sglang
samples_progress,vllm,kv_cache_quant,1,90,300,30.0,437.087515541818,1019.8708695975754,20260429T230230Z_black_box_vllm_sglang
samples_progress,vllm,spec_decode,1,120,300,40.0,443.39090908295475,665.0863636244321,20260429T230230Z_black_box_vllm_sglang
samples_progress,vllm,baseline,1,90,300,30.0,447.1493260420393,1043.348427431425,20260429T230230Z_black_box_vllm_sglang
samples_progress,sglang,baseline,1,90,300,30.0,447.6428961670026,1044.5000910563394,20260429T230230Z_black_box_vllm_sglang
samples_progress,sglang,spec_decode,1,120,300,40.0,452.4231487081852,678.6347230622778,20260429T230230Z_black_box_vllm_sglang
samples_progress,sglang,kv_cache_quant,1,90,300,30.0,480.2473566669505,1120.577165556218,20260429T230230Z_black_box_vllm_sglang
samples_progress,llama_cpp,baseline,1,210,300,70.0,499.98844829108566,214.28076355332246,20260429T230230Z_black_box_vllm_sglang
samples_progress,vllm,spec_decode,1,150,300,50.0,556.0229282500222,556.0229282500222,20260429T230230Z_black_box_vllm_sglang
samples_progress,sglang,spec_decode,1,150,300,50.0,565.5932005001232,565.5932005001232,20260429T230230Z_black_box_vllm_sglang
samples_progress,llama_cpp,baseline,1,240,300,80.0,569.1507212501019,142.28768031252548,20260429T230230Z_black_box_vllm_sglang
samples_progress,vllm,kv_cache_quant,1,120,300,40.0,589.065430249786,883.598145374679,20260429T230230Z_black_box_vllm_sglang
samples_progress,sglang,baseline,1,120,300,40.0,594.0223340829834,891.0335011244752,20260429T230230Z_black_box_vllm_sglang
samples_progress,vllm,baseline,1,120,300,40.0,608.1690714170691,912.2536071256036,20260429T230230Z_black_box_vllm_sglang
samples_progress,sglang,kv_cache_quant,1,120,300,40.0,630.4982324999291,945.7473487498938,20260429T230230Z_black_box_vllm_sglang
samples_progress,llama_cpp,baseline,1,270,300,90.0,644.4956225829665,71.61062473144071,20260429T230230Z_black_box_vllm_sglang
samples_progress,vllm,spec_decode,1,180,300,60.0,668.8153867500369,445.8769245000246,20260429T230230Z_black_box_vllm_sglang
samples_progress,sglang,spec_decode,1,180,300,60.0,694.2462069161702,462.83080461078015,20260429T230230Z_black_box_vllm_sglang
samples_progress,llama_cpp,baseline,1,300,300,100.0,711.9253286661115,0.0,20260429T230230Z_black_box_vllm_sglang
samples_progress,vllm,kv_cache_quant,1,150,300,50.0,741.0832246670034,741.0832246670034,20260429T230230Z_black_box_vllm_sglang
samples_progress,sglang,baseline,1,150,300,50.0,751.3370874579996,751.3370874579996,20260429T230230Z_black_box_vllm_sglang
samples_progress,vllm,baseline,1,150,300,50.0,758.2342533341143,758.2342533341143,20260429T230230Z_black_box_vllm_sglang
samples_progress,sglang,kv_cache_quant,1,150,300,50.0,762.0870827499311,762.0870827499311,20260429T230230Z_black_box_vllm_sglang
samples_progress,vllm,spec_decode,1,210,300,70.0,791.2233681669459,339.09572921440537,20260429T230230Z_black_box_vllm_sglang
samples_progress,sglang,spec_decode,1,210,300,70.0,804.8556098751724,344.93811851793106,20260429T230230Z_black_box_vllm_sglang
samples_progress,vllm,kv_cache_quant,1,180,300,60.0,887.8042620418128,591.8695080278752,20260429T230230Z_black_box_vllm_sglang
samples_progress,vllm,spec_decode,1,240,300,80.0,904.715979832923,226.17899495823076,20260429T230230Z_black_box_vllm_sglang
samples_progress,sglang,spec_decode,1,240,300,80.0,911.3573587501887,227.83933968754718,20260429T230230Z_black_box_vllm_sglang
samples_progress,sglang,baseline,1,180,300,60.0,915.5524021668825,610.368268111255,20260429T230230Z_black_box_vllm_sglang
samples_progress,vllm,baseline,1,180,300,60.0,917.624338041991,611.7495586946607,20260429T230230Z_black_box_vllm_sglang
samples_progress,sglang,kv_cache_quant,1,180,300,60.0,920.8037280829158,613.8691520552771,20260429T230230Z_black_box_vllm_sglang
samples_progress,sglang,spec_decode,1,270,300,90.0,1018.6710328750778,113.1856703194531,20260429T230230Z_black_box_vllm_sglang
samples_progress,vllm,spec_decode,1,270,300,90.0,1033.5078544579446,114.83420605088274,20260429T230230Z_black_box_vllm_sglang
samples_progress,sglang,baseline,1,210,300,70.0,1034.3974422919564,443.3131895536956,20260429T230230Z_black_box_vllm_sglang
samples_progress,sglang,kv_cache_quant,1,210,300,70.0,1047.4774532918818,448.9189085536636,20260429T230230Z_black_box_vllm_sglang
samples_progress,vllm,kv_cache_quant,1,210,300,70.0,1069.3503054578323,458.2929880533567,20260429T230230Z_black_box_vllm_sglang
samples_progress,vllm,baseline,1,210,300,70.0,1071.967792334035,459.41476814315786,20260429T230230Z_black_box_vllm_sglang
